Date;Ticket;Action;
2020-01-02;OCIN02239588;Done;
2020-01-02;OCIN02239573;Done;
2020-01-02;OCIN02239653;Done;
2020-01-02;OCIN02239278;Done;
2020-01-02;OCIN02237263;Done;
2020-01-02;OCIN02239342;Done;
2020-01-02;OCIN02237221;Done;
2020-01-02;OCIN02239692;Done;
2020-01-02;OCIN02239358;Done;
2020-01-02;OCIN02237215;Done;
2020-01-02;OCIN02240359;Done;
2020-01-02;OCIN02238165;Done;
2020-01-02;OCIN02239576;Done;
2020-01-02;OCIN02243335;Done;
2020-01-02;OCIN02238134;Done;
2020-01-02;OCIN02237262;Done;
2020-01-02;OCIN02237218;Done;
2020-01-02;OCIN02237213;Done;
2020-01-02;OCIN02239596;Done;
2020-01-02;OCIN02237220;Done;
2020-01-02;OCIN02237222;Done;
2020-01-02;OCIN02237214;Done;
2020-01-02;OCIN02239574;Done;
2020-01-02;OCIN02238195;Done;
2020-01-02;OCIN02238149;Done;
2020-01-02;OCIN02237260;Done;
2020-01-02;OCIN02238732;Done;
2020-01-02;OCIN02239977;Done;
2020-01-02;OCIN02238811;Done;
2020-01-02;OCIN02239572;Done;
2020-01-02;OCIN02238145;Done;
2020-01-02;OCIN02238315;Done;
2020-01-02;OCIN02237223;Done;
2020-01-02;OCIN02238126;Done;
2020-01-02;OCIN02239620;Done;
2020-01-02;OCIN02239561;Done;
2020-01-02;OCIN02239590;Done;
2020-01-02;OCIN02239592;Done;
2020-01-02;OCIN02237067;Done;
2020-01-02;OCIN02239678;Done;
2020-01-02;OCIN02243753;Done;
2020-01-02;OCIN02239586;Done;
2020-01-02;OCIN02241381;Done;
2020-01-02;OCIN02238142;Done;
2020-01-02;OCIN02237973;Done;
2020-01-02;OCIN02238733;Done;
2020-01-02;OCIN02248173;Done;
2020-01-02;OCIN02248174;Done;
2020-01-02;OCIN02248181;Done;
2020-01-02;OCIN02248231;Done;
2020-01-02;OCIN02248244;Done;
2020-01-02;OCIN02248247;Done;
2020-01-02;OCIN02248239;Done;
2020-01-02;OCIN02248248;Done;
2020-01-02;OCIN02248284;Done;
2020-01-02;OCIN02248343;Done;
2020-01-02;OCIN02248838;Done;
2020-01-02;OCIN02248856;Done;
2020-01-02;OCIN02248985;Done;
2020-01-02;OCIN02249403;Done;
2020-01-02;OCIN02249405;Done;
2020-01-02;OCIN02249408;Done;
2020-01-02;OCIN02249407;Done;
2020-01-02;OCIN02249410;Done;
2020-01-02;OCIN02249693;Done;
2020-01-02;OCIN02249697;Done;
2020-01-02;OCIN02249698;Done;
2020-01-02;OCIN02249981;Done;
2020-01-02;OCIN02249985;Done;
2020-01-02;OCIN02251774;Done;
2020-01-02;OCIN02251822;Done;
2020-01-02;OCIN02252250;Done;
2020-01-02;OCIN02252739;Done;
2020-01-02;OCIN02252861;Done;
2020-01-02;OCIN02252858;Done;
2020-01-02;OCIN02253010;Done;
2020-01-02;OCIN02253016;Done;
2020-01-02;OCIN02253017;Done;
2020-01-02;OCIN02253019;Done;
2020-01-02;OCIN02253022;Done;
2020-01-02;OCIN02253011;Done;
2020-01-02;OCIN02253008;Done;
2020-01-02;OCIN02253012;Done;
2020-01-02;OCIN02253014;Done;
2020-01-02;OCIN02253015;Done;
2020-01-02;OCIN02253038;Done;
2020-01-02;OCIN02253419;Done;
2020-01-02;OCIN02253348;Done;
2020-01-02;OCIN02253438;Other;
2020-01-02;OCIN02253378;Done;
2020-01-02;OCIN02253524;Done;
2020-01-02;OCIN02253526;Done;
2020-01-02;OCIN02254045;Done;
2020-01-02;OCIN02254770;Done;
2020-01-02;OCIN02255059;Done;
2020-01-02;OCIN02255251;Done;
2020-01-02;OCIN02255599;Done;
2020-01-02;OCIN02255731;Done;
2020-01-02;OCIN02255750;Done;
2020-01-02;OCIN02255958;Done;
2020-01-02;OCIN02256025;Done;
2020-01-02;OCIN02256379;Done;
2020-01-02;OCIN02256399;Done;
2020-01-02;OCIN02256562;Done;
2020-01-02;OCIN02256545;Done;
2020-01-08;OCIN02290940;Done;
2020-01-08;OCIN02276016;Done;
2020-01-08;OCIN02291648;Done;
2020-01-08;OCIN02280407;Done;
2020-01-08;OCIN02281333;Done;
2020-01-08;OCIN02291955;Done;
2020-01-08;OCIN02276093;Done;
2020-01-08;OCIN02280077;Done;
2020-01-08;OCIN02282406;Done;
2020-01-08;OCIN02291501;Done;
2020-01-08;OCIN02292018;Done;
2020-01-08;OCIN02291649;Done;
2020-01-08;OCIN02276087;Done;
2020-01-08;OCIN02279376;Done;
2020-01-08;OCIN02291009;Done;
2020-01-08;OCIN02292184;Done;
2020-01-08;OCIN02275385;Done;
2020-01-08;OCIN02278670;Done;
2020-01-08;OCIN02276012;Done;
2020-01-08;OCIN02282697;Done;
2020-01-08;OCIN02291636;Done;
2020-01-08;OCIN02276006;Done;
2020-01-08;OCIN02282272;Done;
2020-01-08;OCIN02275483;Done;
2020-01-08;OCIN02275793;Done;
2020-01-08;OCIN02278874;Done;
2020-01-08;OCIN02282405;Done;
2020-01-08;OCIN02291080;Done;
2020-01-08;OCIN02275523;Done;
2020-01-08;OCIN02276004;Done;
2020-01-08;OCIN02276094;Done;
2020-01-08;OCIN02292182;Done;
2020-01-08;OCIN02290939;Done;
2020-01-08;OCIN02275481;Done;
2020-01-08;OCIN02280036;Done;
2020-01-08;OCIN02279577;Done;
2020-01-08;OCIN02276182;Done;
2020-01-08;OCIN02285443;Done;
2020-01-08;OCIN02276177;Done;
2020-01-08;OCIN02292183;Done;
2020-01-08;OCIN02285342;Done;
2020-01-08;OCIN02285442;Done;
2020-01-08;OCIN02283909;Done;
2020-01-08;OCIN02275590;Done;
2020-01-08;OCIN02290944;Done;
2020-01-08;OCIN02291799;Done;
2020-01-08;OCIN02291651;Done;
2020-01-08;OCIN02275933;Done;
2020-01-08;OCIN02278809;Done;
2020-01-08;OCIN02279332;Done;
2020-01-08;OCIN02279422;Done;
2020-01-08;OCIN02291444;Done;
2020-01-08;OCIN02276117;Done;
2020-01-08;OCIN02291912;Done;
2020-01-08;OCIN02282140;Done;
2020-01-08;OCIN02276129;Done;
2020-01-08;OCIN02290942;Done;
2020-01-08;OCIN02275357;Done;
2020-01-08;OCIN02281675;Done;
2020-01-08;OCIN02284793;Done;
2020-01-08;OCIN02275362;Done;
2020-01-08;OCIN02275862;Done;
2020-01-08;OCIN02276131;Done;
2020-01-08;OCIN02291818;Done;
2020-01-08;OCIN02281551;Done;
2020-01-08;OCIN02283197;Done;
2020-01-08;OCIN02278899;Done;
2020-01-08;OCIN02291652;Done;
2020-01-08;OCIN02293893;Done;
2020-01-08;OCIN02293887;Done;
2020-01-08;OCIN02293269;Done;
2020-01-08;OCIN02293204;Done;
2020-01-08;OCIN02293891;Done;
2020-01-08;OCIN02293134;Done;
2020-01-08;OCIN02293021;Done;
2020-01-08;OCIN02293573;Done;
2020-01-08;OCIN02293886;Done;
2020-01-08;OCIN02293889;Done;
2020-01-08;OCIN02293135;Done;
2020-01-08;OCIN02293722;Done;
2020-01-08;OCIN02293723;Done;
2020-01-08;OCIN02293978;Done;
2020-01-08;OCIN02293945;Done;
2020-01-08;OCIN02293980;Done;
2020-01-08;OCIN02294328;Done;
2020-01-08;OCIN02294290;Done;
2020-01-08;OCIN02294329;Done;
2020-01-08;OCIN02295227;Done;
2020-01-08;OCIN02300508;Done;
2020-01-08;OCIN02300528;Done;
2020-01-08;OCIN02300560;Done;
2020-01-08;OCIN02300567;Done;
2020-01-08;OCIN02300638;Done;
2020-01-08;OCIN02300657;Done;
2020-01-08;OCIN02300656;Done;
2020-01-08;OCIN02300686;Done;
2020-01-08;OCIN02300689;Done;
2020-01-08;OCIN02300688;Other;
2020-01-08;OCIN02300747;Done;
2020-01-08;OCIN02300748;Done;
2020-01-08;OCIN02300745;Done;
2020-01-08;OCIN02300749;Done;
2020-01-08;OCIN02300756;Done;
2020-01-08;OCIN02300755;Done;
2020-01-08;OCIN02300822;Done;
2020-01-08;OCIN02300823;Done;
2020-01-08;OCIN02300818;Done;
2020-01-08;OCIN02300857;Done;
2020-01-08;OCIN02301014;Done;
2020-01-08;OCIN02301021;Done;
2020-01-08;OCIN02301042;Done;
2020-01-08;OCIN02301043;Done;
2020-01-08;OCIN02301138;Done;
2020-01-08;OCIN02301139;Done;
2020-01-08;OCIN02301140;Done;
2020-01-08;OCIN02301417;Done;
2020-01-08;OCIN02301440;Done;
2020-01-08;OCIN02301441;Done;
2020-01-08;OCIN02301455;Done;
2020-01-08;OCIN02301442;Done;
2020-01-08;OCIN02301496;Done;
2020-01-08;OCIN02302159;Done;
2020-01-08;OCIN02302152;Done;
2020-01-08;OCIN02302368;Done;
2020-01-08;OCIN02302498;Done;
2020-01-08;OCIN02302613;Done;
2020-01-08;OCIN02302615;Done;
2020-01-08;OCIN02302629;Done;
2020-01-08;OCIN02302693;Done;
2020-01-08;OCIN02303519;Done;
2020-01-08;OCIN02303522;Done;
2020-01-08;OCIN02303593;Done;
2020-01-08;OCIN02303614;Done;
2020-01-08;OCIN02303773;Done;
2020-01-08;OCIN02303816;Done;
2020-01-08;OCIN02303873;Done;
2020-01-08;OCIN02303874;Done;
2020-01-08;OCIN02303878;Done;
2020-01-08;OCIN02303876;Done;
2020-01-08;OCIN02303893;Done;
2020-01-08;OCIN02306675;Done;
2020-01-08;OCIN02306679;Done;
2020-01-08;OCIN02306682;Done;
2020-01-08;OCIN02306686;Done;
2020-01-08;OCIN02306681;Done;
2020-01-08;OCIN02306683;Done;
2020-01-08;OCIN02306684;Done;
2020-01-08;OCIN02306715;Done;
2020-01-08;OCIN02306771;Done;
2020-01-08;OCIN02306769;Done;
2020-01-08;OCIN02306770;Done;
2020-01-08;OCIN02306785;Done;
2020-01-08;OCIN02306773;Done;
2020-01-08;OCIN02306861;Done;
2020-01-08;OCIN02306860;Done;
2020-01-08;OCIN02306862;Done;
2020-01-08;OCIN02306904;Done;
2020-01-08;OCIN02306980;Done;
2020-01-08;OCIN02307092;Done;
2020-01-08;OCIN02307100;Done;
2020-01-08;OCIN02307135;Done;
2020-01-08;OCIN02307179;Done;
2020-01-08;OCIN02307183;Done;
2020-01-08;OCIN02307184;Done;
2020-01-08;OCIN02307393;Done;
2020-01-08;OCIN02307397;Done;
2020-01-08;OCIN02307400;Done;
2020-01-08;OCIN02307401;Done;
2020-01-08;OCIN02307404;Done;
2020-01-08;OCIN02308166;Done;
2020-01-08;OCIN02308217;Done;
2020-01-08;OCIN02308526;Done;
2020-01-08;OCIN02308573;Done;
2020-01-08;OCIN02308762;Done;
2020-01-08;OCIN02309050;Done;
2020-01-08;OCIN02309048;Done;
2020-01-08;OCIN02309060;Done;
2020-01-08;OCIN02309051;Done;
2020-01-08;OCIN02309069;Done;
2020-01-08;OCIN02309768;Done;
2020-01-08;OCIN02309769;Done;
2020-01-08;OCIN02309791;Done;
2020-01-08;OCIN02309838;Done;
2020-01-08;OCIN02309837;Done;
2020-01-08;OCIN02309866;Done;
2020-01-08;OCIN02310011;Done;
2020-01-08;OCIN02310016;Done;
2020-01-08;OCIN02310034;Done;
2020-01-11;OCIN02313979;Done;
2020-01-11;OCIN02313986;Done;
2020-01-11;OCIN02313995;Done;
2020-01-11;OCIN02314042;Done;
2020-01-11;OCIN02314043;Done;
2020-01-11;OCIN02314047;Done;
2020-01-11;OCIN02314060;Done;
2020-01-11;OCIN02314061;Done;
2020-01-11;OCIN02314141;Done;
2020-01-11;OCIN02314204;Done;
2020-01-11;OCIN02314353;Done;
2020-01-11;OCIN02314368;Done;
2020-01-11;OCIN02314367;Done;
2020-01-11;OCIN02314387;Done;
2020-01-11;OCIN02314717;Done;
2020-01-11;OCIN02314722;Done;
2020-01-11;OCIN02314727;Other;
2020-01-11;OCIN02314719;Done;
2020-01-11;OCIN02314728;Done;
2020-01-11;OCIN02314729;Done;
2020-01-11;OCIN02314730;Done;
2020-01-11;OCIN02314765;Done;
2020-01-11;OCIN02314768;Done;
2020-01-11;OCIN02314771;Done;
2020-01-11;OCIN02315265;Done;
2020-01-11;OCIN02315258;Done;
2020-01-11;OCIN02315304;Done;
2020-01-11;OCIN02315277;Done;
2020-01-11;OCIN02315270;Done;
2020-01-11;OCIN02315283;Done;
2020-01-11;OCIN02315636;Done;
2020-01-11;OCIN02315643;Done;
2020-01-11;OCIN02315670;Done;
2020-01-11;OCIN02316076;Done;
2020-01-11;OCIN02316081;Other;
2020-01-11;OCIN02316077;Done;
2020-01-11;OCIN02316086;Done;
2020-01-11;OCIN02316678;Done;
2020-01-11;OCIN02316872;Done;
2020-01-11;OCIN02316876;Done;
2020-01-11;OCIN02316874;Done;
2020-01-11;OCIN02316896;Done;
2020-01-11;OCIN02316909;Done;
2020-01-11;OCIN02317073;Done;
2020-01-11;OCIN02318042;Done;
2020-01-11;OCIN02318050;Done;
2020-01-11;OCIN02318060;Done;
2020-01-11;OCIN02318080;Done;
2020-01-11;OCIN02318137;Done;
2020-01-11;OCIN02318153;Done;
2020-01-11;OCIN02318148;Done;
2020-01-11;OCIN02318152;Done;
2020-01-11;OCIN02318158;Done;
2020-01-11;OCIN02318154;Done;
2020-01-11;OCIN02318206;Done;
2020-01-11;OCIN02318211;Done;
2020-01-11;OCIN02318213;Done;
2020-01-11;OCIN02318215;Done;
2020-01-11;OCIN02318222;Done;
2020-01-11;OCIN02318317;Done;
2020-01-11;OCIN02318411;Done;
2020-01-11;OCIN02318451;Done;
2020-01-11;OCIN02318590;Done;
2020-01-11;OCIN02318644;Done;
2020-01-11;OCIN02318652;Done;
2020-01-11;OCIN02318655;Done;
2020-01-11;OCIN02318679;Done;
2020-01-11;OCIN02318727;Done;
2020-01-11;OCIN02318731;Done;
2020-01-11;OCIN02318737;Done;
2020-01-11;OCIN02318952;Done;
2020-01-11;OCIN02319031;Done;
2020-01-11;OCIN02319056;Done;
2020-01-11;OCIN02319040;Done;
2020-01-11;OCIN02319058;Done;
2020-01-11;OCIN02319178;Done;
2020-01-11;OCIN02319692;Done;
2020-01-11;OCIN02319728;Done;
2020-01-11;OCIN02319912;Done;
2020-01-11;OCIN02319978;Done;
2020-01-11;OCIN02320245;Done;
2020-01-11;OCIN02320324;Done;
2020-01-11;OCIN02320316;Done;
2020-01-11;OCIN02320670;Done;
2020-01-11;OCIN02321055;Done;
2020-01-11;OCIN02321160;Done;
2020-01-11;OCIN02321368;Done;
2020-01-11;OCIN02321403;Done;
2020-01-11;OCIN02321401;Done;
2020-01-11;OCIN02321405;Done;
2020-01-11;OCIN02321445;Done;
2020-01-11;OCIN02321453;Done;
2020-01-11;OCIN02321600;Done;
2020-01-11;OCIN02321604;Done;
2020-01-11;OCIN02321588;Done;
2020-01-11;OCIN02321592;Done;
2020-01-11;OCIN02321589;Done;
2020-01-11;OCIN02321591;Done;
2020-01-11;OCIN02321590;Done;
2020-01-11;OCIN02321598;Done;
2020-01-11;OCIN02321898;Done;
2020-01-11;OCIN02321913;Done;
2020-01-11;OCIN02321916;Done;
2020-01-11;OCIN02321917;Done;
2020-01-11;OCIN02321915;Done;
2020-01-11;OCIN02321914;Done;
2020-01-11;OCIN02321920;Done;
2020-01-11;OCIN02321929;Done;
2020-01-11;OCIN02321924;Done;
2020-01-11;OCIN02321940;Done;
2020-01-11;OCIN02321941;Done;
2020-01-11;OCIN02321922;Done;
2020-01-11;OCIN02321933;Done;
2020-01-11;OCIN02321932;Done;
2020-01-11;OCIN02321930;Done;
2020-01-11;OCIN02333429;Done;
2020-01-11;OCIN02333548;Done;
2020-01-11;OCIN02333557;Done;
2020-01-11;OCIN02333554;Done;
2020-01-11;OCIN02333555;Done;
2020-01-11;OCIN02333556;Done;
2020-01-11;OCIN02333632;Done;
2020-01-11;OCIN02333709;Done;
2020-01-11;OCIN02333727;Done;
2020-01-11;OCIN02333740;Done;
2020-01-11;OCIN02333728;Done;
2020-01-11;OCIN02333754;Done;
2020-01-11;OCIN02333928;Done;
2020-01-11;OCIN02334146;Done;
2020-01-11;OCIN02334161;Done;
2020-01-11;OCIN02334159;Done;
2020-01-11;OCIN02334186;Done;
2020-01-11;OCIN02334200;Done;
2020-01-11;OCIN02334301;Done;
2020-01-11;OCIN02334361;Done;
2020-01-11;OCIN02334634;Done;
2020-01-11;OCIN02334635;Done;
2020-01-11;OCIN02334637;Done;
2020-01-11;OCIN02334644;Done;
2020-01-11;OCIN02334658;Done;
2020-01-11;OCIN02334643;Done;
2020-01-11;OCIN02334720;Done;
2020-01-11;OCIN02334728;Done;
2020-01-11;OCIN02334734;Done;
2020-01-11;OCIN02334730;Done;
2020-01-11;OCIN02334729;Done;
2020-01-11;OCIN02334745;Done;
2020-01-11;OCIN02334738;Done;
2020-01-11;OCIN02334747;Done;
2020-01-11;OCIN02334749;Done;
2020-01-11;OCIN02334737;Done;
2020-01-11;OCIN02334990;Done;
2020-01-11;OCIN02335015;Done;
2020-01-11;OCIN02335800;Done;
2020-01-11;OCIN02335817;Done;
2020-01-11;OCIN02335820;Done;
2020-01-11;OCIN02335936;Done;
2020-01-11;OCIN02335997;Done;
2020-01-11;OCIN02336022;Done;
2020-01-11;OCIN02336269;Other;
2020-01-11;OCIN02336461;Other;
2020-01-11;OCIN02336519;Other;
2020-01-11;OCIN02337273;Done;
2020-01-11;OCIN02337283;Done;
2020-01-11;OCIN02337407;Done;
2020-01-11;OCIN02337781;Done;
2020-01-11;OCIN02337844;Done;
2020-01-11;OCIN02337808;Done;
2020-01-11;OCIN02338102;Done;
2020-01-11;OCIN02338103;Other;
2020-01-11;OCIN02338161;Done;
2020-01-11;OCIN02338170;Done;
2020-01-11;OCIN02338171;Done;
2020-01-11;OCIN02338184;Done;
2020-01-11;OCIN02338257;Done;
2020-01-16;OCIN02345428;Done;
2020-01-16;OCIN02345124;Done;
2020-01-16;OCIN02345157;Done;
2020-01-16;OCIN02346180;Done;
2020-01-16;OCIN02346212;Done;
2020-01-16;OCIN02346217;Done;
2020-01-16;OCIN02347004;Done;
2020-01-16;OCIN02347003;Done;
2020-01-16;OCIN02347061;Done;
2020-01-16;OCIN02347056;Done;
2020-01-16;OCIN02347057;Done;
2020-01-16;OCIN02347024;Done;
2020-01-16;OCIN02347047;Done;
2020-01-16;OCIN02347059;Done;
2020-01-16;OCIN02347060;Done;
2020-01-16;OCIN02347165;Done;
2020-01-16;OCIN02347510;Done;
2020-01-16;OCIN02347602;Done;
2020-01-16;OCIN02348885;Done;
2020-01-16;OCIN02348901;Done;
2020-01-16;OCIN02348974;Done;
2020-01-16;OCIN02348963;Done;
2020-01-16;OCIN02349035;Done;
2020-01-16;OCIN02349038;Done;
2020-01-16;OCIN02349057;Done;
2020-01-16;OCIN02349144;Done;
2020-01-16;OCIN02349148;Done;
2020-01-16;OCIN02349152;Done;
2020-01-16;OCIN02349153;Done;
2020-01-16;OCIN02349163;Done;
2020-01-16;OCIN02358966;Done;
2020-01-16;OCIN02359068;Done;
2020-01-16;OCIN02359081;Done;
2020-01-16;OCIN02359085;Done;
2020-01-16;OCIN02359151;Done;
2020-01-16;OCIN02359813;Done;
2020-01-16;OCIN02359818;Done;
2020-01-16;OCIN02359855;Done;
2020-01-16;OCIN02359867;Done;
2020-01-16;OCIN02359942;Done;
2020-01-16;OCIN02360187;Done;
2020-01-16;OCIN02360233;Done;
2020-01-16;OCIN02360192;Done;
2020-01-16;OCIN02360414;Done;
2020-01-16;OCIN02360411;Done;
2020-01-16;OCIN02360412;Done;
2020-01-16;OCIN02360417;Done;
2020-01-16;OCIN02360410;Done;
2020-01-16;OCIN02360415;Done;
2020-01-16;OCIN02360416;Done;
2020-01-16;OCIN02360413;Done;
2020-01-16;OCIN02360487;Done;
2020-01-16;OCIN02360659;Done;
2020-01-16;OCIN02361622;Done;
2020-01-16;OCIN02361637;Done;
2020-01-16;OCIN02361653;Done;
2020-01-16;OCIN02361655;Done;
2020-01-16;OCIN02361652;Done;
2020-01-16;OCIN02361733;Done;
2020-01-16;OCIN02361739;Done;
2020-01-16;OCIN02361745;Done;
2020-01-16;OCIN02361764;Done;
2020-01-16;OCIN02361763;Done;
2020-01-16;OCIN02361765;Done;
2020-01-16;OCIN02361819;Done;
2020-01-16;OCIN02361837;Done;
2020-01-16;OCIN02361850;Done;
2020-01-16;OCIN02361901;Done;
2020-01-16;OCIN02361906;Done;
2020-01-16;OCIN02361903;Done;
2020-01-16;OCIN02361974;Done;
2020-01-16;OCIN02362244;Done;
2020-01-17;OCIN02362485;Done;
2020-01-17;OCIN02362559;Done;
2020-01-20;OCIN02367465;Done;
2020-01-20;OCIN02367454;Done;
2020-01-20;OCIN02367452;Done;
2020-01-20;OCIN02367370;Done;
2020-01-20;OCIN02367486;Done;
2020-01-20;OCIN02367453;Done;
2020-01-20;OCIN02367496;Done;
2020-01-20;OCIN02367378;Done;
2020-01-20;OCIN02367484;Done;
2020-01-20;OCIN02367456;Done;
2020-01-20;OCIN02367833;Done;
2020-01-20;OCIN02367590;Done;
2020-01-20;OCIN02368041;Done;
2020-01-20;OCIN02368048;Done;
2020-01-20;OCIN02368220;Done;
2020-01-20;OCIN02368260;Done;
2020-01-20;OCIN02368928;Done;
2020-01-20;OCIN02368934;Done;
2020-01-20;OCIN02369720;Done;
2020-01-20;OCIN02370041;Done;
2020-01-20;OCIN02370243;Done;
2020-01-20;OCIN02370244;Done;
2020-01-20;OCIN02370270;Done;
2020-01-20;OCIN02370272;Done;
2020-01-20;OCIN02370335;Done;
2020-01-20;OCIN02370940;Done;
2020-01-20;OCIN02370939;Done;
2020-01-20;OCIN02370948;Done;
2020-01-20;OCIN02370950;Done;
2020-01-21;OCIN02373842;Done;
2020-01-21;OCIN02373838;Done;
2020-01-21;OCIN02373848;Done;
2020-01-21;OCIN02370961;Done;
2020-01-21;OCIN02370955;Done;
2020-01-21;OCIN02370954;Done;
2020-01-21;OCIN02373844;Done;
2020-01-21;OCIN02373823;Done;
2020-01-21;OCIN02373840;Done;
2020-01-21;OCIN02370986;Done;
2020-01-21;OCIN02373909;Done;
2020-01-21;OCIN02370956;Done;
2020-01-21;OCIN02373846;Done;
2020-01-21;OCIN02370959;Done;
2020-01-21;OCIN02370957;Done;
2020-01-21;OCIN02373910;Done;
2020-01-21;OCIN02370981;Done;
2020-01-21;OCIN02373849;Done;
2020-01-21;OCIN02373749;Done;
2020-01-21;OCIN02373841;Done;
2020-01-21;OCIN02373935;Done;
2020-01-21;OCIN02373941;Done;
2020-01-21;OCIN02373937;Done;
2020-01-21;OCIN02373945;Done;
2020-01-21;OCIN02373938;Done;
2020-01-21;OCIN02373933;Done;
2020-01-21;OCIN02373982;Done;
2020-01-21;OCIN02374100;Done;
2020-01-21;OCIN02374162;Done;
2020-01-21;OCIN02374171;Done;
2020-01-21;OCIN02374283;Done;
2020-01-21;OCIN02374564;Done;
2020-01-21;OCIN02374576;Done;
2020-01-21;OCIN02375388;Done;
2020-01-21;OCIN02375552;Done;
2020-01-21;OCIN02375577;Done;
2020-01-21;OCIN02375568;Done;
2020-01-21;OCIN02375591;Done;
2020-01-21;OCIN02376833;Done;
2020-01-21;OCIN02377074;Done;
2020-01-21;OCIN02377073;Done;
2020-01-22;OCIN02381554;Done;
2020-01-22;OCIN02381766;Done;
2020-01-22;OCIN02381717;Done;
2020-01-22;OCIN02381796;Done;
2020-01-22;OCIN02382216;Other;
2020-01-22;OCIN02382267;Done;
2020-01-22;OCIN02382661;Done;
2020-01-22;OCIN02382678;Done;
2020-01-22;OCIN02382707;Done;
2020-01-22;OCIN02382705;Done;
2020-01-22;OCIN02382706;Done;
2020-01-22;OCIN02382716;Done;
2020-01-22;OCIN02382752;Done;
2020-01-22;OCIN02383021;Done;
2020-01-22;OCIN02383998;Done;
2020-01-22;OCIN02384000;Done;
2020-01-22;OCIN02384027;Done;
2020-01-22;OCIN02384377;Done;
2020-01-22;OCIN02384380;Done;
2020-01-22;OCIN02384561;Done;
2020-01-22;OCIN02385214;Done;
2020-01-22;OCIN02385704;Done;
2020-01-22;OCIN02385784;Done;
2020-01-22;OCIN02385785;Done;
2020-01-22;OCIN02385787;Done;
2020-01-23;OCIN02387389;Done;
2020-01-23;OCIN02387390;Done;
2020-01-23;OCIN02387381;Done;
2020-01-23;OCIN02387348;Done;
2020-01-23;OCIN02385852;Done;
2020-01-23;OCIN02385851;Done;
2020-01-23;OCIN02385792;Done;
2020-01-23;OCIN02385858;Done;
2020-01-23;OCIN02387422;Done;
2020-01-23;OCIN02387623;Done;
2020-01-23;OCIN02387663;Done;
2020-01-23;OCIN02387827;Done;
2020-01-23;OCIN02387909;Done;
2020-01-23;OCIN02387917;Done;
2020-01-23;OCIN02388000;Done;
2020-01-23;OCIN02388161;Done;
2020-01-23;OCIN02388162;Done;
2020-01-23;OCIN02388164;Done;
2020-01-23;OCIN02388163;Done;
2020-01-23;OCIN02388454;Done;
2020-01-23;OCIN02388467;Done;
2020-01-23;OCIN02388501;Done;
2020-01-23;OCIN02388558;Done;
2020-01-23;OCIN02389733;Done;
2020-01-23;OCIN02389227;Done;
2020-01-23;OCIN02389409;Done;
2020-01-23;OCIN02389218;Done;
2020-01-23;OCIN02389177;Done;
2020-01-23;OCIN02389323;Done;
2020-01-23;OCIN02389178;Done;
2020-01-23;OCIN02390041;Done;
2020-01-23;OCIN02390022;Done;
2020-01-23;OCIN02390094;Done;
2020-01-23;OCIN02390139;Done;
2020-01-23;OCIN02390138;Done;
2020-01-24;OCIN02390604;Done;
2020-01-24;OCIN02388709;Done;
2020-01-24;OCIN02395249;Done;
2020-01-24;OCIN02395277;Done;
2020-01-24;OCIN02395375;Done;
2020-01-24;OCIN02395620;Done;
2020-01-24;OCIN02395630;Done;
2020-01-24;OCIN02395631;Other;
2020-01-24;OCIN02395697;Done;
2020-01-24;OCIN02395708;Done;
2020-01-24;OCIN02395707;Done;
2020-01-24;OCIN02395729;Done;
2020-01-24;OCIN02395735;Done;
2020-01-24;OCIN02395734;Done;
2020-01-24;OCIN02395740;Done;
2020-01-24;OCIN02395736;Done;
2020-01-24;OCIN02395753;Done;
2020-01-24;OCIN02395931;Done;
2020-01-24;OCIN02395946;Done;
2020-01-24;OCIN02396136;Done;
2020-01-24;OCIN02396411;Done;
2020-01-24;OCIN02396408;Done;
2020-01-24;OCIN02396574;Done;
2020-01-24;OCIN02396594;Done;
2020-01-24;OCIN02396592;Done;
2020-01-24;OCIN02396575;Done;
2020-01-27;OCIN02402016;Done;
2020-01-27;OCIN02402044;Done;
2020-01-27;OCIN02402115;Done;
2020-01-27;OCIN02402126;Done;
2020-01-27;OCIN02402028;Done;
2020-01-27;OCIN02402046;Done;
2020-01-27;OCIN02402045;Done;
2020-01-27;OCIN02402239;Done;
2020-01-27;OCIN02402329;Done;
2020-01-27;OCIN02402330;Done;
2020-01-27;OCIN02402345;Done;
2020-01-27;OCIN02402399;Done;
2020-01-27;OCIN02402400;Done;
2020-01-27;OCIN02403251;Done;
2020-01-27;OCIN02403688;Done;
2020-01-27;OCIN02403715;Done;
2020-01-27;OCIN02403844;Done;
2020-01-27;OCIN02403845;Done;
2020-01-27;OCIN02403980;Done;
2020-01-27;OCIN02403967;Done;
2020-01-27;OCIN02404019;Done;
2020-01-27;OCIN02404021;Done;
2020-01-27;OCIN02404041;Done;
2020-01-27;OCIN02404075;Done;
2020-01-27;OCIN02404470;Done;
2020-01-27;OCIN02409068;Done;
2020-01-27;OCIN02410060;Done;
2020-01-28;OCIN02415276;Done;
2020-01-28;OCIN02415249;Done;
2020-01-28;OCIN02415449;Done;
2020-01-28;OCIN02416943;Done;
2020-01-28;OCIN02417443;Done;
2020-01-28;OCIN02417861;Done;
2020-01-28;OCIN02417882;Done;
2020-01-28;OCIN02417862;Done;
2020-01-28;OCIN02418065;Done;
2020-01-28;OCIN02418118;Done;
2020-01-28;OCIN02418205;Done;
2020-01-28;OCIN02418220;Done;
2020-01-28;OCIN02418306;Done;
2020-01-28;OCIN02418647;Done;
2020-01-28;OCIN02418674;Done;
2020-01-28;OCIN02419154;Done;
2020-01-28;OCIN02419803;Done;
2020-01-28;OCIN02419985;Done;
2020-01-28;OCIN02420417;Done;
2020-01-28;OCIN02420467;Done;
2020-01-28;OCIN02420708;Done;
2020-01-28;OCIN02420803;Done;
2020-01-28;OCIN02420555;Done;
2020-01-28;OCIN02420761;Done;
2020-01-29;OCIN02421830;Done;
2020-01-29;OCIN02421862;Done;
2020-01-29;OCIN02428620;Done;
2020-01-29;OCIN02421875;Done;
2020-01-29;OCIN02428557;Done;
2020-01-29;OCIN02428638;Done;
2020-01-29;OCIN02428628;Done;
2020-01-29;OCIN02428627;Done;
2020-01-29;OCIN02428626;Done;
2020-01-29;OCIN02428657;Done;
2020-01-29;OCIN02428647;Done;
2020-01-29;OCIN02428654;Done;
2020-01-29;OCIN02428645;Done;
2020-01-29;OCIN02428685;Done;
2020-01-29;OCIN02428691;Done;
2020-01-29;OCIN02428677;Done;
2020-01-29;OCIN02428687;Done;
2020-01-29;OCIN02428674;Done;
2020-01-29;OCIN02428666;Done;
2020-01-29;OCIN02428686;Done;
2020-01-29;OCIN02428673;Done;
2020-01-29;OCIN02428678;Done;
2020-01-29;OCIN02428684;Done;
2020-01-29;OCIN02428680;Done;
2020-01-29;OCIN02428690;Done;
2020-01-29;OCIN02428675;Done;
2020-01-29;OCIN02428676;Done;
2020-01-29;OCIN02428689;Done;
2020-01-29;OCIN02428679;Done;
2020-01-29;OCIN02428688;Done;
2020-01-29;OCIN02429171;Done;
2020-01-29;OCIN02429220;Done;
2020-01-29;OCIN02429193;Done;
2020-01-29;OCIN02429243;Done;
2020-01-29;OCIN02429378;Done;
2020-01-29;OCIN02429396;Done;
2020-01-29;OCIN02429510;Done;
2020-01-29;OCIN02429629;Done;
2020-01-29;OCIN02429676;Done;
2020-01-29;OCIN02430038;Done;
2020-01-29;OCIN02430076;Done;
2020-01-29;OCIN02430618;Done;
2020-01-29;OCIN02430706;Done;
2020-01-29;OCIN02431000;Done;
2020-01-29;OCIN02431084;Done;
2020-01-29;OCIN02431181;Done;
2020-01-29;OCIN02431191;Done;
2020-01-30;OCIN02437199;Done;
2020-01-30;OCIN02437217;Done;
2020-01-30;OCIN02437237;Done;
2020-01-30;OCIN02437246;Done;
2020-01-30;OCIN02437253;Done;
2020-01-30;OCIN02437263;Done;
2020-01-30;OCIN02437254;Done;
2020-01-30;OCIN02437267;Done;
2020-01-30;OCIN02437268;Done;
2020-01-30;OCIN02437269;Done;
2020-01-30;OCIN02437287;Done;
2020-01-30;OCIN02437318;Done;
2020-01-30;OCIN02437316;Done;
2020-01-30;OCIN02437365;Done;
2020-01-30;OCIN02437354;Done;
2020-01-30;OCIN02437364;Done;
2020-01-30;OCIN02437407;Done;
2020-01-30;OCIN02437616;Done;
2020-01-30;OCIN02437615;Done;
2020-01-30;OCIN02437619;Done;
2020-01-30;OCIN02437629;Done;
2020-01-30;OCIN02437636;Done;
2020-01-30;OCIN02437621;Done;
2020-01-30;OCIN02437735;Done;
2020-01-30;OCIN02437734;Done;
2020-01-30;OCIN02437742;Done;
2020-01-30;OCIN02437838;Done;
2020-01-30;OCIN02438001;Done;
2020-01-30;OCIN02438051;Done;
2020-01-30;OCIN02438054;Done;
2020-01-30;OCIN02440999;Done;
2020-01-30;OCIN02439845;Done;
2020-01-30;OCIN02440811;Done;
2020-01-30;OCIN02439877;Done;
2020-01-30;OCIN02441093;Done;
2020-01-30;OCIN02441184;Done;
2020-01-30;OCIN02440581;Done;
2020-01-30;OCIN02440696;Done;
2020-01-30;OCIN02439980;Done;
2020-01-31;OCIN02445543;Done;
2020-01-31;OCIN02445556;Done;
2020-01-31;OCIN02445563;Done;
2020-01-31;OCIN02445557;Done;
2020-01-31;OCIN02445559;Done;
2020-01-31;OCIN02445564;Done;
2020-01-31;OCIN02445558;Done;
2020-01-31;OCIN02445562;Done;
2020-01-31;OCIN02445567;Done;
2020-01-31;OCIN02445724;Done;
2020-01-31;OCIN02445885;Done;
2020-01-31;OCIN02446196;Done;
2020-01-31;OCIN02446514;Done;
2020-01-31;OCIN02446620;Done;
2020-01-31;OCIN02446768;Done;
2020-01-31;OCIN02447052;Done;
2020-01-31;OCIN02447061;Done;
2020-01-31;OCIN02447087;Done;
2020-01-31;OCIN02447090;Done;
2020-01-31;OCIN02447096;Done;
2020-01-31;OCIN02447449;Done;
2020-01-31;OCIN02447762;Done;
2020-01-31;OCIN02447837;Done;
2020-01-31;OCIN02448211;Done;
2020-01-31;OCIN02448654;Done;
2020-01-31;OCIN02448758;Done;
2020-01-31;OCIN02448759;Done;
2020-01-31;OCIN02448791;Done;
2020-01-31;OCIN02448781;Done;
2020-01-31;OCIN02448790;Done;
2020-01-31;OCIN02449086;Done;
2020-01-31;OCIN02450012;Done;
2020-01-31;OCIN02450206;Done;
2020-01-31;OCIN02450240;Done;
2020-02-03;OCIN02467541;Done;
2020-02-03;OCIN02467554;Done;
2020-02-03;OCIN02467574;Done;
2020-02-03;OCIN02467555;Done;
2020-02-03;OCIN02467666;Done;
2020-02-03;OCIN02467667;Done;
2020-02-03;OCIN02467672;Done;
2020-02-03;OCIN02467747;Done;
2020-02-03;OCIN02467777;Done;
2020-02-03;OCIN02467823;Done;
2020-02-03;OCIN02467839;Done;
2020-02-03;OCIN02467850;Done;
2020-02-03;OCIN02467828;Done;
2020-02-03;OCIN02467885;Done;
2020-02-03;OCIN02467895;Done;
2020-02-03;OCIN02467892;Done;
2020-02-03;OCIN02467943;Done;
2020-02-03;OCIN02467948;Done;
2020-02-03;OCIN02467955;Done;
2020-02-03;OCIN02467996;Done;
2020-02-03;OCIN02468011;Done;
2020-02-03;OCIN02468017;Done;
2020-02-03;OCIN02472197;Done;
2020-02-03;OCIN02472300;Done;
2020-02-03;OCIN02472486;Done;
2020-02-04;OCIN02476736;Done;
2020-02-04;OCIN02476743;Done;
2020-02-04;OCIN02476762;Done;
2020-02-04;OCIN02476803;Done;
2020-02-04;OCIN02476858;Done;
2020-02-04;OCIN02476900;Done;
2020-02-04;OCIN02476919;Done;
2020-02-04;OCIN02476902;Done;
2020-02-04;OCIN02476916;Done;
2020-02-04;OCIN02476977;Done;
2020-02-04;OCIN02477106;Done;
2020-02-04;OCIN02477228;Done;
2020-02-04;OCIN02477231;Done;
2020-02-04;OCIN02477704;Done;
2020-02-04;OCIN02477742;Done;
2020-02-04;OCIN02477749;Done;
2020-02-04;OCIN02478300;Done;
2020-02-04;OCIN02478303;Done;
2020-02-04;OCIN02479122;Done;
2020-02-04;OCIN02479172;Done;
2020-02-04;OCIN02479173;Done;
2020-02-04;OCIN02479201;Done;
2020-02-04;OCIN02479211;Done;
2020-02-04;OCIN02479352;Done;
2020-02-04;OCIN02479356;Done;
2020-02-04;OCIN02479368;Done;
2020-02-04;OCIN02479369;Done;
2020-02-04;OCIN02479377;Done;
2020-02-05;OCIN02489903;Done;
2020-02-05;OCIN02490126;Done;
2020-02-05;OCIN02490139;Done;
2020-02-05;OCIN02490212;Done;
2020-02-05;OCIN02490233;Done;
2020-02-05;OCIN02490302;Done;
2020-02-05;OCIN02490304;Done;
2020-02-05;OCIN02490308;Done;
2020-02-05;OCIN02490305;Done;
2020-02-05;OCIN02490428;Done;
2020-02-05;OCIN02490423;Done;
2020-02-05;OCIN02490695;Done;
2020-02-05;OCIN02490740;Done;
2020-02-05;OCIN02490744;Done;
2020-02-05;OCIN02490885;Done;
2020-02-05;OCIN02490887;Done;
2020-02-05;OCIN02490904;Done;
2020-02-05;OCIN02490910;Done;
2020-02-05;OCIN02490906;Done;
2020-02-05;OCIN02490941;Done;
2020-02-05;OCIN02491137;Done;
2020-02-05;OCIN02490751;Done;
2020-02-05;OCIN02490779;Done;
2020-02-05;OCIN02491360;Done;
2020-02-05;OCIN02491374;Done;
2020-02-05;OCIN02491855;Done;
2020-02-05;OCIN02492338;Done;
2020-02-05;OCIN02492385;Done;
2020-02-05;OCIN02492471;Done;
2020-02-05;OCIN02492618;Done;
2020-02-05;OCIN02492402;Done;
2020-02-06;OCIN02495539;Done;
2020-02-06;OCIN02495543;Done;
2020-02-06;OCIN02495542;Done;
2020-02-06;OCIN02495556;Done;
2020-02-06;OCIN02495557;Done;
2020-02-06;OCIN02495549;Done;
2020-02-06;OCIN02495547;Done;
2020-02-06;OCIN02495579;Done;
2020-02-06;OCIN02495589;Done;
2020-02-06;OCIN02495963;Done;
2020-02-06;OCIN02498325;Done;
2020-02-06;OCIN02498449;Done;
2020-02-06;OCIN02498754;Done;
2020-02-06;OCIN02498849;Done;
2020-02-06;OCIN02498962;Other;
2020-02-06;OCIN02501225;Done;
2020-02-06;OCIN02501740;Done;
2020-02-06;OCIN02501899;Done;
2020-02-06;OCIN02502789;Done;
2020-02-06;OCIN02502797;Done;
2020-02-06;OCIN02502891;Done;
2020-02-06;OCIN02502896;Done;
2020-02-06;OCIN02502908;Done;
2020-02-06;OCIN02503006;Done;
2020-02-06;OCIN02503010;Done;
2020-02-06;OCIN02503011;Done;
2020-02-06;OCIN02503027;Done;
2020-02-06;OCIN02503034;Done;
2020-02-06;OCIN02503036;Done;
2020-02-06;OCIN02503510;Done;
2020-02-06;OCIN02503593;Done;
2020-02-06;OCIN02503760;Done;
2020-02-06;OCIN02503762;Done;
2020-02-06;OCIN02503816;Done;
2020-02-06;OCIN02503824;Done;
2020-02-07;OCIN02507543;Done;
2020-02-07;OCIN02507762;Done;
2020-02-07;OCIN02507845;Done;
2020-02-07;OCIN02507844;Done;
2020-02-07;OCIN02507848;Done;
2020-02-07;OCIN02508385;Done;
2020-02-07;OCIN02507874;Done;
2020-02-07;OCIN02507852;Done;
2020-02-07;OCIN02508384;Done;
2020-02-07;OCIN02507851;Done;
2020-02-07;OCIN02508014;Done;
2020-02-07;OCIN02508392;Done;
2020-02-07;OCIN02508417;Done;
2020-02-07;OCIN02508404;Done;
2020-02-07;OCIN02508407;Done;
2020-02-07;OCIN02508402;Done;
2020-02-07;OCIN02508480;Done;
2020-02-07;OCIN02508457;Done;
2020-02-07;OCIN02508451;Done;
2020-02-07;OCIN02508559;Done;
2020-02-07;OCIN02508561;Done;
2020-02-07;OCIN02508607;Done;
2020-02-07;OCIN02509300;Done;
2020-02-07;OCIN02509595;Done;
2020-02-07;OCIN02509782;Done;
2020-02-07;OCIN02509820;Done;
2020-02-07;OCIN02509831;Done;
2020-02-07;OCIN02509907;Done;
2020-02-07;OCIN02509906;Done;
2020-02-07;OCIN02509904;Done;
2020-02-07;OCIN02509905;Done;
2020-02-07;OCIN02509911;Done;
2020-02-07;OCIN02509909;Done;
2020-02-07;OCIN02509910;Done;
2020-02-07;OCIN02508563;Done;
2020-02-10;OCIN02516075;Done;
2020-02-10;OCIN02516081;Done;
2020-02-10;OCIN02516057;Done;
2020-02-10;OCIN02516053;Done;
2020-02-10;OCIN02516066;Done;
2020-02-10;OCIN02516055;Done;
2020-02-10;OCIN02516056;Done;
2020-02-10;OCIN02516187;Done;
2020-02-10;OCIN02516219;Done;
2020-02-10;OCIN02516280;Done;
2020-02-10;OCIN02516287;Done;
2020-02-10;OCIN02516291;Done;
2020-02-10;OCIN02516312;Done;
2020-02-10;OCIN02516324;Done;
2020-02-10;OCIN02516335;Done;
2020-02-10;OCIN02516333;Done;
2020-02-10;OCIN02516342;Done;
2020-02-10;OCIN02516370;Done;
2020-02-10;OCIN02516365;Done;
2020-02-10;OCIN02516363;Done;
2020-02-10;OCIN02516399;Done;
2020-02-10;OCIN02516420;Done;
2020-02-10;OCIN02516426;Done;
2020-02-10;OCIN02516437;Done;
2020-02-10;OCIN02516419;Done;
2020-02-10;OCIN02516429;Done;
2020-02-10;OCIN02516469;Done;
2020-02-10;OCIN02516490;Done;
2020-02-10;OCIN02517657;Done;
2020-02-10;OCIN02517884;Done;
2020-02-10;OCIN02517920;Done;
2020-02-10;OCIN02517940;Done;
2020-02-10;OCIN02517950;Done;
2020-02-10;OCIN02517954;Done;
2020-02-10;OCIN02518077;Done;
2020-02-10;OCIN02518117;Other;
2020-02-10;OCIN02518155;Done;
2020-02-10;OCIN02518258;Done;
2020-02-10;OCIN02518262;Done;
2020-02-10;OCIN02518263;Done;
2020-02-10;OCIN02518267;Done;
2020-02-11;OCIN02521370;Done;
2020-02-11;OCIN02521220;Done;
2020-02-11;OCIN02521486;Done;
2020-02-11;OCIN02521544;Done;
2020-02-11;OCIN02521807;Done;
2020-02-11;OCIN02521806;Done;
2020-02-11;OCIN02521822;Done;
2020-02-11;OCIN02521850;Done;
2020-02-11;OCIN02521857;Done;
2020-02-11;OCIN02521985;Done;
2020-02-11;OCIN02522002;Done;
2020-02-11;OCIN02522853;Done;
2020-02-11;OCIN02522812;Done;
2020-02-11;OCIN02522308;Done;
2020-02-11;OCIN02522261;Done;
2020-02-11;OCIN02522918;Done;
2020-02-11;OCIN02522971;Done;
2020-02-11;OCIN02522977;Done;
2020-02-11;OCIN02523010;Done;
2020-02-11;OCIN02523008;Done;
2020-02-11;OCIN02523016;Done;
2020-02-11;OCIN02523409;Done;
2020-02-11;OCIN02523816;Done;
2020-02-11;OCIN02523849;Done;
2020-02-11;OCIN02523912;Done;
2020-02-11;OCIN02524421;Done;
2020-02-11;OCIN02524581;Done;
2020-02-11;OCIN02524588;Done;
2020-02-11;OCIN02524590;Done;
2020-02-11;OCIN02524733;Done;
2020-02-11;OCIN02524739;Done;
2020-02-11;OCIN02524770;Done;
2020-02-11;OCIN02524740;Done;
2020-02-11;OCIN02524871;Done;
2020-02-11;OCIN02524877;Done;
2020-02-11;OCIN02525803;Done;
2020-02-11;OCIN02525851;Done;
2020-02-11;OCIN02525581;Done;
2020-02-11;OCIN02525571;Done;
2020-02-11;OCIN02525362;Done;
2020-02-11;OCIN02525361;Done;
2020-02-11;OCIN02525360;Done;
2020-02-11;OCIN02524870;Done;
2020-02-11;OCIN02525280;Done;
2020-02-11;OCIN02525152;Done;
2020-02-11;OCIN02525487;Done;
2020-02-11;OCIN02525298;Done;
2020-02-11;OCIN02525488;Done;
2020-02-11;OCIN02525515;Done;
2020-02-11;OCIN02526039;Other;
2020-02-12;OCIN02530743;Done;
2020-02-12;OCIN02530763;Done;
2020-02-12;OCIN02530940;Done;
2020-02-12;OCIN02530990;Done;
2020-02-12;OCIN02531019;Done;
2020-02-12;OCIN02531023;Done;
2020-02-12;OCIN02531057;Done;
2020-02-12;OCIN02531488;Done;
2020-02-12;OCIN02531527;Done;
2020-02-12;OCIN02531650;Done;
2020-02-12;OCIN02531676;Done;
2020-02-12;OCIN02531682;Done;
2020-02-12;OCIN02531848;Done;
2020-02-12;OCIN02531852;Done;
2020-02-12;OCIN02532112;Done;
2020-02-12;OCIN02532406;Done;
2020-02-12;OCIN02532618;Done;
2020-02-12;OCIN02532881;Done;
2020-02-12;OCIN02533282;Done;
2020-02-12;OCIN02533303;Done;
2020-02-12;OCIN02533307;Done;
2020-02-12;OCIN02533309;Done;
2020-02-12;OCIN02533311;Done;
2020-02-12;OCIN02533313;Done;
2020-02-12;OCIN02533317;Done;
2020-02-12;OCIN02533362;Done;
2020-02-12;OCIN02533471;Done;
2020-02-12;OCIN02533355;Done;
2020-02-12;OCIN02533421;Done;
2020-02-12;OCIN02533367;Done;
2020-02-12;OCIN02533360;Done;
2020-02-12;OCIN02533473;Done;
2020-02-12;OCIN02533337;Done;
2020-02-12;OCIN02533397;Done;
2020-02-13;OCIN02533861;Done;
2020-02-13;OCIN02533887;Done;
2020-02-13;OCIN02533914;Done;
2020-02-13;OCIN02534018;Done;
2020-02-13;OCIN02534082;Done;
2020-02-13;OCIN02534160;Done;
2020-02-13;OCIN02534161;Done;
2020-02-13;OCIN02534169;Done;
2020-02-13;OCIN02534168;Done;
2020-02-13;OCIN02534171;Done;
2020-02-13;OCIN02534172;Done;
2020-02-13;OCIN02534291;Other;
2020-02-13;OCIN02534266;Done;
2020-02-13;OCIN02534283;Other;
2020-02-13;OCIN02534269;Done;
2020-02-13;OCIN02534300;Other;
2020-02-13;OCIN02534267;Done;
2020-02-13;OCIN02534279;Done;
2020-02-13;OCIN02534278;Done;
2020-02-13;OCIN02534282;Other;
2020-02-13;OCIN02534270;Done;
2020-02-13;OCIN02534299;Other;
2020-02-13;OCIN02534290;Other;
2020-02-13;OCIN02534177;Done;
2020-02-13;OCIN02534633;Done;
2020-02-13;OCIN02534642;Done;
2020-02-13;OCIN02534640;Done;
2020-02-13;OCIN02534648;Done;
2020-02-13;OCIN02534643;Done;
2020-02-13;OCIN02534855;Done;
2020-02-13;OCIN02534856;Done;
2020-02-13;OCIN02534895;Done;
2020-02-13;OCIN02534896;Done;
2020-02-13;OCIN02534899;Done;
2020-02-13;OCIN02534945;Done;
2020-02-13;OCIN02534976;Done;
2020-02-13;OCIN02534986;Done;
2020-02-14;OCIN02535619;Done;
2020-02-14;OCIN02535620;Done;
2020-02-14;OCIN02535616;Done;
2020-02-14;OCIN02535613;Done;
2020-02-14;OCIN02535614;Done;
2020-02-14;OCIN02535634;Done;
2020-02-14;OCIN02535633;Done;
2020-02-14;OCIN02535623;Done;
2020-02-14;OCIN02535646;Done;
2020-02-14;OCIN02535654;Done;
2020-02-14;OCIN02535650;Done;
2020-02-14;OCIN02535636;Done;
2020-02-14;OCIN02535637;Done;
2020-02-14;OCIN02535628;Done;
2020-02-14;OCIN02535655;Done;
2020-02-14;OCIN02535624;Done;
2020-02-14;OCIN02535645;Done;
2020-02-14;OCIN02535644;Done;
2020-02-14;OCIN02535651;Done;
2020-02-14;OCIN02535652;Done;
2020-02-14;OCIN02535626;Done;
2020-02-14;OCIN02535622;Done;
2020-02-14;OCIN02535625;Done;
2020-02-14;OCIN02535723;Done;
2020-02-14;OCIN02535804;Done;
2020-02-14;OCIN02536058;Done;
2020-02-14;OCIN02536059;Done;
2020-02-14;OCIN02536060;Done;
2020-02-14;OCIN02536061;Done;
2020-02-14;OCIN02536102;Done;
2020-02-14;OCIN02536218;Done;
2020-02-14;OCIN02536303;Done;
2020-02-14;OCIN02536342;Done;
2020-02-14;OCIN02536364;Done;
2020-02-14;OCIN02536375;Done;
2020-02-14;OCIN02536395;Done;
2020-02-14;OCIN02536536;Done;
2020-02-14;OCIN02536640;Done;
2020-02-14;OCIN02536664;Done;
2020-02-14;OCIN02536676;Done;
2020-02-17;OCIN02539116;Done;
2020-02-17;OCIN02539111;Done;
2020-02-17;OCIN02539166;Done;
2020-02-17;OCIN02539028;Done;
2020-02-17;OCIN02539190;Done;
2020-02-17;OCIN02539193;Done;
2020-02-17;OCIN02539211;Done;
2020-02-17;OCIN02539194;Done;
2020-02-17;OCIN02539213;Done;
2020-02-17;OCIN02539203;Done;
2020-02-17;OCIN02539197;Done;
2020-02-17;OCIN02539214;Done;
2020-02-17;OCIN02539202;Done;
2020-02-17;OCIN02539284;Done;
2020-02-17;OCIN02539275;Done;
2020-02-17;OCIN02539220;Done;
2020-02-17;OCIN02539215;Done;
2020-02-17;OCIN02539301;Done;
2020-02-17;OCIN02539326;Done;
2020-02-17;OCIN02539325;Other;
2020-02-17;OCIN02539355;Done;
2020-02-17;OCIN02539479;Done;
2020-02-17;OCIN02539481;Done;
2020-02-17;OCIN02539494;Done;
2020-02-17;OCIN02539437;Done;
2020-02-17;OCIN02539474;Done;
2020-02-17;OCIN02539522;Done;
2020-02-17;OCIN02539519;Done;
2020-02-17;OCIN02539778;Done;
2020-02-17;OCIN02539779;Done;
2020-02-17;OCIN02539874;Done;
2020-02-17;OCIN02539993;Done;
2020-02-17;OCIN02540091;Done;
2020-02-17;OCIN02539156;Done;
2020-02-17;OCIN02539411;Done;
2020-02-17;OCIN02539461;Done;
2020-02-17;OCIN02540272;Done;
2020-02-17;OCIN02539405;Done;
2020-02-17;OCIN02539785;Done;
2020-02-17;OCIN02539418;Done;
2020-02-17;OCIN02540352;Done;
2020-02-17;OCIN02539399;Done;
2020-02-17;OCIN02540262;Done;
2020-02-17;OCIN02540270;Done;
2020-02-17;OCIN02539518;Done;
2020-02-17;OCIN02539426;Done;
2020-02-18;OCIN02541145;Done;
2020-02-18;OCIN02541147;Done;
2020-02-18;OCIN02541259;Done;
2020-02-18;OCIN02541239;Done;
2020-02-18;OCIN02541310;Done;
2020-02-18;OCIN02541335;Done;
2020-02-18;OCIN02541338;Done;
2020-02-18;OCIN02541349;Done;
2020-02-18;OCIN02541356;Done;
2020-02-18;OCIN02541391;Done;
2020-02-18;OCIN02541472;Done;
2020-02-18;OCIN02541559;Done;
2020-02-18;OCIN02541564;Done;
2020-02-18;OCIN02541580;Done;
2020-02-18;OCIN02541583;Done;
2020-02-18;OCIN02541261;Done;
2020-02-18;OCIN02541643;Done;
2020-02-18;OCIN02541799;Done;
2020-02-18;OCIN02541842;Done;
2020-02-18;OCIN02541952;Done;
2020-02-18;OCIN02541961;Done;
2020-02-18;OCIN02541992;Done;
2020-02-18;OCIN02542237;Done;
2020-02-18;OCIN02542245;Done;
2020-02-19;OCIN02542658;Done;
2020-02-19;OCIN02542597;Done;
2020-02-19;OCIN02542669;Done;
2020-02-19;OCIN02542679;Done;
2020-02-19;OCIN02542674;Done;
2020-02-19;OCIN02542681;Done;
2020-02-19;OCIN02542680;Done;
2020-02-19;OCIN02542683;Done;
2020-02-19;OCIN02542684;Done;
2020-02-19;OCIN02542693;Done;
2020-02-19;OCIN02542704;Done;
2020-02-19;OCIN02542705;Done;
2020-02-19;OCIN02542691;Done;
2020-02-19;OCIN02542697;Done;
2020-02-19;OCIN02542746;Done;
2020-02-19;OCIN02542714;Done;
2020-02-19;OCIN02542723;Done;
2020-02-19;OCIN02542736;Done;
2020-02-19;OCIN02542727;Done;
2020-02-19;OCIN02542716;Done;
2020-02-19;OCIN02542733;Done;
2020-02-19;OCIN02542734;Done;
2020-02-19;OCIN02542713;Done;
2020-02-19;OCIN02542741;Done;
2020-02-19;OCIN02542730;Done;
2020-02-19;OCIN02542715;Done;
2020-02-19;OCIN02542731;Done;
2020-02-19;OCIN02542747;Done;
2020-02-19;OCIN02542752;Done;
2020-02-19;OCIN02542803;Done;
2020-02-19;OCIN02542749;Done;
2020-02-19;OCIN02542795;Done;
2020-02-19;OCIN02542765;Done;
2020-02-19;OCIN02542750;Done;
2020-02-19;OCIN02542813;Done;
2020-02-19;OCIN02542814;Done;
2020-02-19;OCIN02542812;Done;
2020-02-19;OCIN02542779;Done;
2020-02-19;OCIN02542830;Done;
2020-02-19;OCIN02542755;Done;
2020-02-19;OCIN02542748;Done;
2020-02-19;OCIN02542824;Done;
2020-02-19;OCIN02542764;Done;
2020-02-19;OCIN02542763;Done;
2020-02-19;OCIN02542729;Done;
2020-02-19;OCIN02542735;Done;
2020-02-19;OCIN02542818;Done;
2020-02-19;OCIN02542794;Done;
2020-02-19;OCIN02542744;Done;
2020-02-19;OCIN02542759;Done;
2020-02-19;OCIN02542828;Done;
2020-02-19;OCIN02542722;Done;
2020-02-19;OCIN02542754;Done;
2020-02-19;OCIN02542822;Done;
2020-02-19;OCIN02542721;Done;
2020-02-19;OCIN02542917;Done;
2020-02-19;OCIN02542972;Done;
2020-02-19;OCIN02543002;Done;
2020-02-19;OCIN02543008;Done;
2020-02-19;OCIN02543013;Done;
2020-02-19;OCIN02543085;Done;
2020-02-19;OCIN02543094;Done;
2020-02-19;OCIN02543079;Done;
2020-02-19;OCIN02543101;Done;
2020-02-19;OCIN02543212;Done;
2020-02-19;OCIN02543242;Done;
2020-02-19;OCIN02543249;Done;
2020-02-19;OCIN02543323;Done;
2020-02-19;OCIN02543492;Done;
2020-02-19;OCIN02543506;Done;
2020-02-19;OCIN02543467;Done;
2020-02-19;OCIN02543362;Done;
2020-02-19;OCIN02543560;Done;
2020-02-20;OCIN02543931;Done;
2020-02-20;OCIN02543935;Done;
2020-02-20;OCIN02543934;Other;
2020-02-20;OCIN02543992;Done;
2020-02-20;OCIN02544044;Done;
2020-02-20;OCIN02544056;Done;
2020-02-20;OCIN02544085;Done;
2020-02-20;OCIN02544201;Done;
2020-02-20;OCIN02544213;Done;
2020-02-20;OCIN02544220;Done;
2020-02-20;OCIN02544214;Done;
2020-02-20;OCIN02544199;Done;
2020-02-20;OCIN02544222;Done;
2020-02-20;OCIN02544153;Done;
2020-02-20;OCIN02544205;Done;
2020-02-20;OCIN02544204;Done;
2020-02-20;OCIN02544195;Done;
2020-02-20;OCIN02544202;Done;
2020-02-20;OCIN02544112;Done;
2020-02-20;OCIN02544154;Done;
2020-02-20;OCIN02544274;Done;
2020-02-20;OCIN02544233;Done;
2020-02-20;OCIN02544349;Other;
2020-02-20;OCIN02544271;Done;
2020-02-20;OCIN02544342;Done;
2020-02-20;OCIN02544253;Done;
2020-02-20;OCIN02544224;Done;
2020-02-20;OCIN02544144;Done;
2020-02-20;OCIN02544138;Done;
2020-02-20;OCIN02544147;Done;
2020-02-20;OCIN02544270;Done;
2020-02-20;OCIN02544164;Done;
2020-02-20;OCIN02544423;Done;
2020-02-20;OCIN02544421;Done;
2020-02-20;OCIN02544424;Done;
2020-02-20;OCIN02544493;Done;
2020-02-20;OCIN02544511;Done;
2020-02-20;OCIN02544532;Done;
2020-02-20;OCIN02544554;Done;
2020-02-20;OCIN02544578;Done;
2020-02-20;OCIN02544587;Done;
2020-02-20;OCIN02544538;Done;
2020-02-20;OCIN02544573;Done;
2020-02-20;OCIN02544609;Done;
2020-02-20;OCIN02544582;Done;
2020-02-20;OCIN02544997;Done;
2020-02-20;OCIN02544999;Done;
2020-02-20;OCIN02545000;Done;
2020-02-20;OCIN02545308;Done;
2020-02-20;OCIN02545414;Done;
2020-02-20;OCIN02545428;Done;
2020-02-20;OCIN02545427;Done;
2020-02-20;OCIN02545439;Done;
2020-02-20;OCIN02545453;Done;
2020-02-20;OCIN02545610;Done;
2020-02-20;OCIN02545634;Done;
2020-02-20;OCIN02545635;Done;
2020-02-20;OCIN02545630;Done;
2020-02-20;OCIN02545679;Done;
2020-02-20;OCIN02545712;Done;
2020-02-20;OCIN02545709;Done;
2020-02-20;OCIN02545714;Done;
2020-02-21;OCIN02545800;Done;
2020-02-21;OCIN02545806;Done;
2020-02-21;OCIN02545811;Done;
2020-02-21;OCIN02545815;Done;
2020-02-24;OCIN02547037;Done;
2020-02-24;OCIN02547047;Done;
2020-02-24;OCIN02547069;Done;
2020-02-24;OCIN02547136;Done;
2020-02-24;OCIN02547251;Done;
2020-02-24;OCIN02547252;Done;
2020-02-24;OCIN02547261;Done;
2020-02-24;OCIN02547267;Done;
2020-02-24;OCIN02547318;Done;
2020-02-24;OCIN02547331;Done;
2020-02-24;OCIN02547332;Done;
2020-02-24;OCIN02547340;Done;
2020-02-24;OCIN02547463;Done;
2020-02-24;OCIN02547560;Done;
2020-02-24;OCIN02547658;Done;
2020-02-24;OCIN02547649;Done;
2020-02-24;OCIN02547654;Done;
2020-02-24;OCIN02547661;Done;
2020-02-24;OCIN02547662;Done;
2020-02-24;OCIN02547659;Done;
2020-02-24;OCIN02547653;Done;
2020-02-24;OCIN02547821;Done;
2020-02-24;OCIN02547892;Done;
2020-02-24;OCIN02547967;Done;
2020-02-24;OCIN02548079;Done;
2020-02-24;OCIN02548007;Done;
2020-02-24;OCIN02548013;Done;
2020-02-24;OCIN02548002;Done;
2020-02-24;OCIN02547993;Done;
2020-02-24;OCIN02548011;Done;
2020-02-24;OCIN02548000;Done;
2020-02-24;OCIN02548008;Done;
2020-02-24;OCIN02548009;Done;
2020-02-24;OCIN02548004;Done;
2020-02-24;OCIN02547997;Done;
2020-02-24;OCIN02547953;Done;
2020-02-24;OCIN02548012;Done;
2020-02-24;OCIN02548068;Done;
2020-02-24;OCIN02548003;Done;
2020-02-25;OCIN02548557;Done;
2020-02-25;OCIN02548563;Done;
2020-02-25;OCIN02548602;Done;
2020-02-25;OCIN02548638;Done;
2020-02-25;OCIN02548715;Done;
2020-02-25;OCIN02548747;Done;
2020-02-25;OCIN02548764;Done;
2020-02-25;OCIN02548641;Done;
2020-02-25;OCIN02548742;Done;
2020-02-25;OCIN02548730;Done;
2020-02-25;OCIN02548827;Done;
2020-02-25;OCIN02548855;Done;
2020-02-25;OCIN02548880;Done;
2020-02-25;OCIN02548881;Done;
2020-02-25;OCIN02548892;Done;
2020-02-25;OCIN02548965;Done;
2020-02-25;OCIN02548961;Done;
2020-02-25;OCIN02548959;Done;
2020-02-25;OCIN02548968;Done;
2020-02-25;OCIN02548977;Done;
2020-02-25;OCIN02548969;Done;
2020-02-25;OCIN02548974;Done;
2020-02-25;OCIN02548979;Done;
2020-02-25;OCIN02548966;Done;
2020-02-25;OCIN02548978;Done;
2020-02-25;OCIN02548970;Done;
2020-02-25;OCIN02548973;Done;
2020-02-25;OCIN02548972;Done;
2020-02-25;OCIN02548975;Done;
2020-02-25;OCIN02549178;Done;
2020-02-25;OCIN02549179;Done;
2020-02-25;OCIN02549184;Done;
2020-02-25;OCIN02549185;Done;
2020-02-25;OCIN02549180;Done;
2020-02-25;OCIN02549182;Done;
2020-02-25;OCIN02549181;Done;
2020-02-25;OCIN02549183;Done;
2020-02-25;OCIN02549177;Done;
2020-02-25;OCIN02549210;Done;
2020-02-25;OCIN02548749;Done;
2020-02-25;OCIN02548755;Done;
2020-02-25;OCIN02548786;Done;
2020-02-25;OCIN02549351;Done;
2020-02-25;OCIN02549356;Done;
2020-02-25;OCIN02549355;Done;
2020-02-25;OCIN02549352;Done;
2020-02-25;OCIN02549354;Done;
2020-02-25;OCIN02549379;Done;
2020-02-25;OCIN02549395;Done;
2020-02-25;OCIN02549397;Done;
2020-02-25;OCIN02549466;Done;
2020-02-25;OCIN02549441;Done;
2020-02-25;OCIN02549444;Done;
2020-02-25;OCIN02549465;Done;
2020-02-25;OCIN02549789;Done;
2020-02-25;OCIN02549858;Done;
2020-02-25;OCIN02549868;Done;
2020-02-25;OCIN02549873;Done;
2020-02-25;OCIN02549886;Done;
2020-02-25;OCIN02549940;Done;
2020-02-25;OCIN02549994;Done;
2020-02-25;OCIN02549997;Done;
2020-02-25;OCIN02550016;Done;
2020-02-25;OCIN02550020;Done;
2020-02-25;OCIN02550045;Done;
2020-02-25;OCIN02550066;Done;
2020-02-25;OCIN02550071;Done;
2020-02-25;OCIN02550074;Done;
2020-02-25;OCIN02550093;Done;
2020-02-25;OCIN02550092;Done;
2020-02-25;OCIN02550099;Done;
2020-02-25;OCIN02550097;Done;
2020-02-25;OCIN02550161;Done;
2020-02-25;OCIN02550158;Done;
2020-02-25;OCIN02550166;Done;
2020-02-25;OCIN02550179;Done;
2020-02-25;OCIN02550306;Done;
2020-02-25;OCIN02550320;Done;
2020-02-25;OCIN02550315;Done;
2020-02-25;OCIN02550321;Done;
2020-02-25;OCIN02550322;Done;
2020-02-25;OCIN02550509;Done;
2020-02-25;OCIN02550720;Done;
2020-02-25;OCIN02550690;Done;
2020-02-25;OCIN02550491;Done;
2020-02-25;OCIN02550558;Done;
2020-02-25;OCIN02550577;Done;
2020-02-25;OCIN02550498;Done;
2020-02-27;OCIN02551111;Done;
2020-02-27;OCIN02551109;Done;
2020-02-27;OCIN02551121;Done;
2020-02-27;OCIN02551148;Done;
2020-02-27;OCIN02551211;Done;
2020-02-27;OCIN02551362;Done;
2020-02-27;OCIN02551389;Done;
2020-02-27;OCIN02551390;Done;
2020-02-27;OCIN02551431;Done;
2020-02-27;OCIN02551588;Done;
2020-02-27;OCIN02551623;Done;
2020-02-27;OCIN02551647;Done;
2020-02-27;OCIN02551661;Done;
2020-02-27;OCIN02551757;Done;
2020-02-27;OCIN02551763;Done;
2020-02-27;OCIN02551758;Done;
2020-02-27;OCIN02551765;Done;
2020-02-27;OCIN02551774;Done;
2020-02-27;OCIN02551854;Done;
2020-02-27;OCIN02551878;Done;
2020-02-27;OCIN02551880;Done;
2020-02-27;OCIN02552028;Done;
2020-02-27;OCIN02551987;Done;
2020-02-27;OCIN02552067;Done;
2020-02-27;OCIN02552141;Done;
2020-02-27;OCIN02552133;Done;
2020-02-27;OCIN02551866;Done;
2020-02-27;OCIN02552060;Done;
2020-02-27;OCIN02552100;Done;
2020-02-27;OCIN02551825;Done;
2020-02-27;OCIN02552422;Done;
2020-02-27;OCIN02552449;Done;
2020-02-27;OCIN02552436;Done;
2020-02-27;OCIN02552447;Done;
2020-02-27;OCIN02552500;Done;
2020-02-27;OCIN02552630;Done;
2020-02-27;OCIN02552667;Done;
2020-02-27;OCIN02552676;Done;
2020-02-27;OCIN02552679;Done;
2020-02-27;OCIN02552683;Done;
2020-02-27;OCIN02552691;Done;
2020-02-27;OCIN02552704;Done;
2020-02-27;OCIN02552795;Done;
2020-02-27;OCIN02552802;Done;
2020-02-27;OCIN02552817;Done;
2020-02-27;OCIN02552831;Done;
2020-02-28;OCIN02552985;Done;
2020-02-28;OCIN02552760;Done;
2020-02-28;OCIN02553087;Done;
2020-02-28;OCIN02553093;Done;
2020-02-28;OCIN02553094;Done;
2020-02-28;OCIN02553104;Done;
2020-02-28;OCIN02553084;Done;
2020-02-28;OCIN02553225;Done;
2020-03-02;OCIN02555684;Done;
2020-03-02;OCIN02555729;Done;
2020-03-02;OCIN02555730;Done;
2020-03-02;OCIN02555731;Done;
2020-03-02;OCIN02555750;Done;
2020-03-02;OCIN02555819;Done;
2020-03-02;OCIN02555827;Done;
2020-03-02;OCIN02555844;Done;
2020-03-02;OCIN02555869;Done;
2020-03-02;OCIN02555907;Done;
2020-03-02;OCIN02555962;Done;
2020-03-02;OCIN02555985;Done;
2020-03-02;OCIN02555992;Done;
2020-03-02;OCIN02556003;Done;
2020-03-02;OCIN02556034;Done;
2020-03-02;OCIN02556038;Done;
2020-03-02;OCIN02556070;Done;
2020-03-02;OCIN02556105;Done;
2020-03-02;OCIN02556115;Done;
2020-03-02;OCIN02556208;Done;
2020-03-02;OCIN02556205;Done;
2020-03-02;OCIN02556227;Done;
2020-03-02;OCIN02556241;Done;
2020-03-02;OCIN02556243;Done;
2020-03-02;OCIN02556272;Done;
2020-03-02;OCIN02556275;Done;
2020-03-02;OCIN02556292;Done;
2020-03-02;OCIN02556307;Done;
2020-03-02;OCIN02556337;Done;
2020-03-02;OCIN02556334;Done;
2020-03-02;OCIN02556448;Done;
2020-03-02;OCIN02556578;Done;
2020-03-02;OCIN02556579;Done;
2020-03-02;OCIN02556581;Done;
2020-03-02;OCIN02556686;Done;
2020-03-02;OCIN02556696;Done;
2020-03-02;OCIN02556697;Done;
2020-03-02;OCIN02557603;Done;
2020-03-02;OCIN02557632;Done;
2020-03-02;OCIN02557669;Done;
2020-03-02;OCIN02557677;Done;
2020-03-02;OCIN02557692;Done;
2020-03-02;OCIN02557695;Done;
2020-03-02;OCIN02557698;Done;
2020-03-02;OCIN02557696;Done;
2020-03-02;OCIN02557766;Done;
2020-03-02;OCIN02558173;Done;
2020-03-02;OCIN02558182;Done;
2020-03-02;OCIN02558200;Done;
2020-03-02;OCIN02558184;Done;
2020-03-02;OCIN02558198;Done;
2020-03-02;OCIN02558197;Done;
2020-03-02;OCIN02558199;Done;
2020-03-02;OCIN02558196;Done;
2020-03-02;OCIN02558234;Done;
2020-03-02;OCIN02558216;Done;
2020-03-02;OCIN02558204;Done;
2020-03-02;OCIN02558256;Done;
2020-03-02;OCIN02558250;Done;
2020-03-02;OCIN02558255;Done;
2020-03-02;OCIN02558251;Done;
2020-03-02;OCIN02558261;Done;
2020-03-02;OCIN02558311;Done;
2020-03-02;OCIN02558360;Done;
2020-03-02;OCIN02558331;Done;
2020-03-02;OCIN02558367;Done;
2020-03-02;OCIN02558375;Done;
2020-03-02;OCIN02558368;Done;
2020-03-03;OCIN02558546;Done;
2020-03-03;OCIN02558495;Done;
2020-03-03;OCIN02558481;Done;
2020-03-03;OCIN02558486;Done;
2020-03-03;OCIN02558498;Done;
2020-03-03;OCIN02558492;Done;
2020-03-03;OCIN02558529;Done;
2020-03-03;OCIN02558480;Done;
2020-03-03;OCIN02558599;Done;
2020-03-03;OCIN02558379;Done;
2020-03-03;OCIN02558490;Done;
2020-03-03;OCIN02558284;Done;
2020-03-03;OCIN02558512;Done;
2020-03-03;OCIN02559268;Done;
2020-03-03;OCIN02559224;Done;
2020-03-03;OCIN02559225;Done;
2020-03-03;OCIN02559226;Done;
2020-03-03;OCIN02559436;Done;
2020-03-03;OCIN02559479;Done;
2020-03-03;OCIN02559483;Done;
2020-03-03;OCIN02559486;Done;
2020-03-03;OCIN02559497;Done;
2020-03-03;OCIN02559521;Done;
2020-03-03;OCIN02559524;Done;
2020-03-03;OCIN02559547;Done;
2020-03-03;OCIN02559552;Other;
2020-03-03;OCIN02559577;Done;
2020-03-03;OCIN02559734;Other;
2020-03-03;OCIN02559668;Done;
2020-03-03;OCIN02559731;Done;
2020-03-03;OCIN02559787;Done;
2020-03-03;OCIN02559790;Done;
2020-03-03;OCIN02559793;Done;
2020-03-03;OCIN02559669;Done;
2020-03-03;OCIN02559728;Done;
2020-03-03;OCIN02559986;Done;
2020-03-03;OCIN02559995;Done;
2020-03-03;OCIN02559997;Done;
2020-03-03;OCIN02560027;Done;
2020-03-03;OCIN02560048;Done;
2020-03-03;OCIN02560054;Done;
2020-03-03;OCIN02560033;Done;
2020-03-03;OCIN02560071;Done;
2020-03-03;OCIN02560083;Done;
2020-03-03;OCIN02560149;Done;
2020-03-03;OCIN02560168;Done;
2020-03-03;OCIN02560204;Done;
2020-03-03;OCIN02560209;Done;
2020-03-03;OCIN02560237;Done;
2020-03-03;OCIN02560238;Done;
2020-03-03;OCIN02560248;Done;
2020-03-03;OCIN02560251;Done;
